[
 {"id":1,"lastName":"Smith","email":"john@gmail.com","first_name":"John"},
 {"id":2,"lastName":"Dave","email":"sachin@gmail.com","first_name":"Sachin"},
 {"id":3,"lastName":"Mark","email":"peter@gmail.com","first_name":"Peter"},
 {"id":4,"lastName":"Smith","email":"martin@gmail.com","first_name":"Martin"},
 {"id":5,"lastName":"Patel","email":"raj@gmail.com","first_name":"Raj"},
 {"id":6,"lastName":"Yadav","email":"virat@gmail.com","first_name":"Virat"},
 {"id":7,"lastName":"Shirke","email":"prabhas@gmail.com","first_name":"Prabhas"},
 {"id":8,"lastName":"Kapoor","email":"tina@gmail.com","first_name":"Tina"},
 {"id":9,"lastName":"Sharma","email":"mona@gmail.com","first_name":"Mona"},
 {"id":10,"lastName":"Varma","email":"rahul@gmail.com","first_name":"Rahul"}
]
