<?xml version="1.0" encoding="UTF-8"?>
<students>
	
	<student>
		<id>1</id>
		<firstName>John</firstName>
		<lastName>Smith</lastName>
		<email>john@gmail.com</email>
	</student>
	<student>
		<id>2</id>
		<firstName>Sachin</firstName>
		<lastName>Dave</lastName>
		<email>sachin@gmail.com</email>
	</student>
	<student>
		<id>3</id>
		<firstName>Peter</firstName>
		<lastName>Mark</lastName>
		<email>peter@gmail.com</email>
	</student>
	<student>
		<id>4</id>
		<firstName>Martin</firstName>
		<lastName>Smith</lastName>
		<email>martin@gmail.com</email>
	</student>
	<student>
		<id>5</id>
		<firstName>Raj</firstName>
		<lastName>Patel</lastName>
		<email>raj@gmail.com</email>
	</student>
	<student>
		<id>6</id>
		<firstName>Virat</firstName>
		<lastName>Yadav</lastName>
		<email>virat@gmail.com</email>
	</student>
	<student>
		<id>7</id>
		<firstName>Prabhas</firstName>
		<lastName>Shirke</lastName>
		<email>prabhas@gmail.com</email>
	</student>
	<student>
		<id>8</id>
		<firstName>Tina</firstName>
		<lastName>Kapoor</lastName>
		<email>tina@gmail.com</email>
	</student>
	<student>
		<id>9</id>
		<firstName>Mona</firstName>
		<lastName>Sharma</lastName>
		<email>mona@gmail.com</email>
	</student>
	<student>
		<id>10</id>
		<firstName>Rahul</firstName>
		<lastName>Varma</lastName>
		<email>rahul@gmail.com</email>
	</student>

</students>