[
	{
		"id" : 1,
		"first_name" : "John",
		"lastName" : "Smith",
		"email" : "john@gmail.com"
	},
	{
		"id" : 2,
		"first_name" : "Sachin",
		"lastName" : "Dave",
		"email" : "sachin@gmail.com"
	},
	{
		"id" : 3,
		"first_name" : "Peter",
		"lastName" : "Mark",
		"email" : "peter@gmail.com"
	},
	{
		"id" : 4,
		"first_name" : "Martin",
		"lastName" : "Smith",
		"email" : "martin@gmail.com"
	},
	{
		"id" : 5,
		"first_name" : "Raj",
		"lastName" : "Patel",
		"email" : "raj@gmail.com"
	},
	{
		"id" : 6,
		"first_name" : "Virat",
		"lastName" : "Yadav",
		"email" : "virat@gmail.com"
	},
	{
		"id" : 7,
		"first_name" : "Prabhas",
		"lastName" : "Shirke",
		"email" : "prabhas@gmail.com"
	},
	{
		"id" : 8,
		"first_name" : "Tina",
		"lastName" : "Kapoor",
		"email" : "tina@gmail.com"
	},
	{
		"id" : 9,
		"first_name" : "Mona",
		"lastName" : "Sharma",
		"email" : "mona@gmail.com"
	},
	{
		"id" : 10,
		"first_name" : "Rahul",
		"lastName" : "Varma",
		"email" : "rahul@gmail.com"
	}
]